{
  "Use Non-ASCII Font" : false,
  "Tags" : [

  ],
  "Ansi 12 Color" : {
    "Red Component" : 0.44289660453796387,
    "Color Space" : "Calibrated",
    "Blue Component" : 0.52537077665328979,
    "Alpha Component" : 1,
    "Green Component" : 0.58534377813339233
  },
  "Ansi 7 Color" : {
    "Red Component" : 0.5926094651222229,
    "Color Space" : "Calibrated",
    "Blue Component" : 0.44320183992385864,
    "Alpha Component" : 1,
    "Green Component" : 0.5310559868812561
  },
  "Draw Powerline Glyphs" : true,
  "Bold Color" : {
    "Red Component" : 1,
    "Color Space" : "Calibrated",
    "Blue Component" : 1,
    "Alpha Component" : 1,
    "Green Component" : 1
  },
  "Ansi 8 Color" : {
    "Red Component" : 0.49889594316482544,
    "Color Space" : "Calibrated",
    "Blue Component" : 0.37962067127227783,
    "Alpha Component" : 1,
    "Green Component" : 0.43934443593025208
  },
  "Ansi 9 Color" : {
    "Red Component" : 0.96744710206985474,
    "Color Space" : "Calibrated",
    "Blue Component" : 0.15763583779335022,
    "Alpha Component" : 1,
    "Green Component" : 0.18880486488342285
  },
  "Ansi 4 Color" : {
    "Red Component" : 0.21694663166999817,
    "Color Space" : "Calibrated",
    "Blue Component" : 0.4586675763130188,
    "Alpha Component" : 1,
    "Green Component" : 0.45008346438407898
  },
  "Rows" : 48,
  "Default Bookmark" : "No",
  "Ansi 5 Color" : {
    "Red Component" : 0.62685638666152954,
    "Color Space" : "Calibrated",
    "Blue Component" : 0.45103743672370911,
    "Alpha Component" : 1,
    "Green Component" : 0.29604318737983704
  },
  "Cursor Guide Color" : {
    "Red Component" : 0.17867125570774078,
    "Color Space" : "Calibrated",
    "Blue Component" : 0.15993706881999969,
    "Alpha Component" : 1,
    "Green Component" : 0.16613791882991791
  },
  "Non-ASCII Anti Aliased" : true,
  "Use Bright Bold" : true,
  "Ansi 10 Color" : {
    "Red Component" : 0.66574931144714355,
    "Color Space" : "Calibrated",
    "Blue Component" : 0.11661489307880402,
    "Alpha Component" : 1,
    "Green Component" : 0.69061970710754395
  },
  "Ambiguous Double Width" : false,
  "Jobs to Ignore" : [
    "rlogin",
    "ssh",
    "slogin",
    "telnet"
  ],
  "Ansi 15 Color" : {
    "Red Component" : 0.90061241388320923,
    "Color Space" : "Calibrated",
    "Blue Component" : 0.63873869180679321,
    "Alpha Component" : 1,
    "Green Component" : 0.82989895343780518
  },
  "Foreground Color" : {
    "Red Component" : 0.90061241388320923,
    "Color Space" : "Calibrated",
    "Blue Component" : 0.63873869180679321,
    "Alpha Component" : 1,
    "Green Component" : 0.82989895343780518
  },
  "Working Directory" : "\/Users\/webgefrickel",
  "Blinking Cursor" : false,
  "Disable Window Resizing" : true,
  "Sync Title" : false,
  "Prompt Before Closing 2" : false,
  "BM Growl" : false,
  "Mouse Reporting" : true,
  "Command" : "",
  "Description" : "Default",
  "Screen" : -1,
  "Selection Color" : {
    "Red Component" : 0.90061241388320923,
    "Color Space" : "Calibrated",
    "Blue Component" : 0.63873869180679321,
    "Alpha Component" : 1,
    "Green Component" : 0.82989895343780518
  },
  "Initial Use Transparency" : false,
  "Columns" : 160,
  "Idle Code" : 0,
  "Ansi 13 Color" : {
    "Red Component" : 0.78096956014633179,
    "Color Space" : "Calibrated",
    "Blue Component" : 0.53848373889923096,
    "Alpha Component" : 1,
    "Green Component" : 0.43883562088012695
  },
  "Title Components" : 3,
  "Custom Command" : "No",
  "ASCII Anti Aliased" : true,
  "Non Ascii Font" : "Monaco 12",
  "Vertical Spacing" : 0.90000000000000002,
  "Use Bold Font" : true,
  "Option Key Sends" : 0,
  "Selected Text Color" : {
    "Red Component" : 0.32501408457756042,
    "Color Space" : "Calibrated",
    "Blue Component" : 0.26041668653488159,
    "Alpha Component" : 1,
    "Green Component" : 0.2891082763671875
  },
  "Background Color" : {
    "Red Component" : 0.11759927868843079,
    "Color Space" : "Calibrated",
    "Blue Component" : 0.11759774386882782,
    "Alpha Component" : 1,
    "Green Component" : 0.11759573966264725
  },
  "Character Encoding" : 4,
  "Ansi 11 Color" : {
    "Red Component" : 0.96949708461761475,
    "Color Space" : "Calibrated",
    "Blue Component" : 0.1444794088602066,
    "Alpha Component" : 1,
    "Green Component" : 0.6926688551902771
  },
  "Use Italic Font" : true,
  "Unlimited Scrollback" : true,
  "Keyboard Map" : {
    "0xf700-0x260000" : {
      "Action" : 10,
      "Text" : "[1;6A"
    },
    "0x37-0x40000" : {
      "Action" : 11,
      "Text" : "0x1f"
    },
    "0x32-0x40000" : {
      "Action" : 11,
      "Text" : "0x00"
    },
    "0xf709-0x20000" : {
      "Action" : 10,
      "Text" : "[17;2~"
    },
    "0xf70c-0x20000" : {
      "Action" : 10,
      "Text" : "[20;2~"
    },
    "0xf729-0x20000" : {
      "Action" : 10,
      "Text" : "[1;2H"
    },
    "0xf72b-0x40000" : {
      "Action" : 10,
      "Text" : "[1;5F"
    },
    "0xf705-0x20000" : {
      "Action" : 10,
      "Text" : "[1;2Q"
    },
    "0xf703-0x260000" : {
      "Action" : 10,
      "Text" : "[1;6C"
    },
    "0xf700-0x220000" : {
      "Action" : 10,
      "Text" : "[1;2A"
    },
    "0xf701-0x280000" : {
      "Action" : 11,
      "Text" : "0x1b 0x1b 0x5b 0x42"
    },
    "0x38-0x40000" : {
      "Action" : 11,
      "Text" : "0x7f"
    },
    "0x33-0x40000" : {
      "Action" : 11,
      "Text" : "0x1b"
    },
    "0xf703-0x220000" : {
      "Action" : 10,
      "Text" : "[1;2C"
    },
    "0xf701-0x240000" : {
      "Action" : 10,
      "Text" : "[1;5B"
    },
    "0xf70d-0x20000" : {
      "Action" : 10,
      "Text" : "[21;2~"
    },
    "0xf702-0x260000" : {
      "Action" : 10,
      "Text" : "[1;6D"
    },
    "0xf729-0x40000" : {
      "Action" : 10,
      "Text" : "[1;5H"
    },
    "0xf706-0x20000" : {
      "Action" : 10,
      "Text" : "[1;2R"
    },
    "0x34-0x40000" : {
      "Action" : 11,
      "Text" : "0x1c"
    },
    "0xf700-0x280000" : {
      "Action" : 11,
      "Text" : "0x1b 0x1b 0x5b 0x41"
    },
    "0x2d-0x40000" : {
      "Action" : 11,
      "Text" : "0x1f"
    },
    "0xf70e-0x20000" : {
      "Action" : 10,
      "Text" : "[23;2~"
    },
    "0xf702-0x220000" : {
      "Action" : 10,
      "Text" : "[1;2D"
    },
    "0xf703-0x280000" : {
      "Action" : 11,
      "Text" : "0x1b 0x1b 0x5b 0x43"
    },
    "0xf700-0x240000" : {
      "Action" : 10,
      "Text" : "[1;5A"
    },
    "0xf707-0x20000" : {
      "Action" : 10,
      "Text" : "[1;2S"
    },
    "0xf70a-0x20000" : {
      "Action" : 10,
      "Text" : "[18;2~"
    },
    "0x35-0x40000" : {
      "Action" : 11,
      "Text" : "0x1d"
    },
    "0xf70f-0x20000" : {
      "Action" : 10,
      "Text" : "[24;2~"
    },
    "0xf703-0x240000" : {
      "Action" : 10,
      "Text" : "[1;5C"
    },
    "0xf701-0x260000" : {
      "Action" : 10,
      "Text" : "[1;6B"
    },
    "0xf702-0x280000" : {
      "Action" : 11,
      "Text" : "0x1b 0x1b 0x5b 0x44"
    },
    "0xf72b-0x20000" : {
      "Action" : 10,
      "Text" : "[1;2F"
    },
    "0x36-0x40000" : {
      "Action" : 11,
      "Text" : "0x1e"
    },
    "0xf708-0x20000" : {
      "Action" : 10,
      "Text" : "[15;2~"
    },
    "0xf701-0x220000" : {
      "Action" : 10,
      "Text" : "[1;2B"
    },
    "0xf70b-0x20000" : {
      "Action" : 10,
      "Text" : "[19;2~"
    },
    "0xf702-0x240000" : {
      "Action" : 10,
      "Text" : "[1;5D"
    },
    "0xf704-0x20000" : {
      "Action" : 10,
      "Text" : "[1;2P"
    }
  },
  "Window Type" : 0,
  "Background Image Location" : "",
  "Blur" : false,
  "Badge Color" : {
    "Red Component" : 0.7928692102432251,
    "Color Space" : "Calibrated",
    "Blue Component" : 0.056549370288848877,
    "Alpha Component" : 0.5,
    "Green Component" : 0.28100395202636719
  },
  "Scrollback Lines" : 0,
  "Send Code When Idle" : false,
  "Close Sessions On End" : true,
  "Terminal Type" : "xterm-256color",